CaseAddress,CaseNumber,CaseReport_DateTime,CaseOffenseStatute,CaseAssignmentType
500 BLOCK N ATLANTIC BLVD,2024-00013514,4/17/2024 9:45,10851(A) VC-F,AUTO BURGLARY
500 BLOCK N ATLANTIC BLVD,2024-00011800,4/2/2024 21:32,459 PC-F,AUTO BURGLARY
2000 BLOCK MARKET PLACE DR,2024-00011908,4/3/2024 15:50,459 PC-F,AUTO BURGLARY
2000 BLOCK MARKET PLACE DR,2024-00011915,4/3/2024 16:32,459 PC-F,AUTO BURGLARY
500 BLOCK N ATLANTIC BLVD,2024-00012057,4/4/2024 22:43,459 PC-F,AUTO BURGLARY
2300 BLOCK WOODS AVE,2024-00012128,4/5/2024 12:31,459 PC-F,AUTO BURGLARY
3500 BLOCK RAMONA BLVD,2024-00012384,4/7/2024 13:05,459 PC-F,AUTO BURGLARY
300 BLOCK N GARFIELD AVE,2024-00012389,4/7/2024 14:19,459 PC-F,AUTO BURGLARY
3600 BLOCK RAMONA BLVD,2024-00012390,4/7/2024 15:09,459 PC-F,AUTO BURGLARY
800 BLOCK S ATLANTIC BLVD,2024-00012505,4/8/2024 16:21,459 PC-F,AUTO BURGLARY
800 BLOCK S ATLANTIC BLVD,2024-00012616,4/9/2024 18:25,459 PC-F,AUTO BURGLARY
500 BLOCK N ATLANTIC BLVD,2024-00012638,4/9/2024 22:27,459 PC-F,AUTO BURGLARY
300 BLOCK E GRAVES AVE,2024-00012718,4/10/2024 14:26,459 PC-F,AUTO BURGLARY
400 BLOCK S ATLANTIC BLVD,2024-00012740,4/10/2024 17:27,459 PC-F,AUTO BURGLARY
400 BLOCK S ATLANTIC BLVD,2024-00012736,4/10/2024 17:27,459 PC-F,AUTO BURGLARY
500 BLOCK N ATLANTIC BLVD,2024-00012755,4/10/2024 18:03,459 PC-F,AUTO BURGLARY
300 BLOCK KINGSFORD ST,2024-00012806,4/11/2024 10:08,459 PC-F,AUTO BURGLARY
1000 BLOCK E NEWMARK AVE,2024-00013215,4/15/2024 7:59,459 PC-F,AUTO BURGLARY
500 BLOCK E GARVEY AVE,2024-00013676,4/18/2024 13:00,459 PC-F,AUTO BURGLARY
3600 BLOCK RAMONA BLVD,2024-00013713,4/18/2024 17:27,459 PC-F,AUTO BURGLARY
400 BLOCK S ATLANTIC BLVD,2024-00013787,4/19/2024 11:08,459 PC-F,AUTO BURGLARY
400 BLOCK N YNEZ AVE,2024-00014237,4/23/2024 7:52,459 PC-F,AUTO BURGLARY
2200 BLOCK S ATLANTIC BLVD,2024-00014668,4/26/2024 12:11,459 PC-F,AUTO BURGLARY
200 BLOCK N GARFIELD AVE,2024-00014717,4/26/2024 19:20,459 PC-F,AUTO BURGLARY
800 BLOCK W MABEL AVE,2024-00011714,4/2/2024 5:51,10851(A) VC-F,AUTO THEFT
2300 BLOCK ISABELLA AVE,2024-00011954,4/4/2024 3:12,10851(A) VC-F,AUTO THEFT
2000 BLOCK S GARFIELD AVE,2024-00012354,4/7/2024 4:55,10851(A) VC-F,AUTO THEFT
600 BLOCK BRADSHAWE AVE,2024-00012496,4/8/2024 14:38,10851(A) VC-F,AUTO THEFT
HERSHEY AVE / N NEW AVE,2024-00012581,4/9/2024 12:18,10851(A) VC-F,AUTO THEFT
300 BLOCK S ORANGE AVE,2024-00012594,4/9/2024 14:59,10851(A) VC-F,AUTO THEFT
W HELLMAN AVE / N MOORE AVE,2024-00012659,4/10/2024 3:50,10851(A) VC-F,AUTO THEFT
700 BLOCK W GARVEY AVE,2024-00013237,4/15/2024 9:56,10851(A) VC-F,AUTO THEFT
1600 BLOCK COLLEGE VIEW DR,2024-00013364,4/16/2024 6:09,10851(A) VC-F,AUTO THEFT
1100 BLOCK SAN PATRICIO DR,2024-00013464,4/16/2024 20:13,10851(A) VC-F,AUTO THEFT
500 BLOCK E GRAVES AVE,2024-00013524,4/17/2024 11:20,10851(A) VC-F,AUTO THEFT
E EMERSON AVE / N NICHOLSON AVE,2024-00014049,4/21/2024 17:52,10851(A) VC-F,AUTO THEFT
200 BLOCK W GARVEY AVE,2024-00014323,4/23/2024 19:20,10851(A) VC-F,AUTO THEFT
600 BLOCK S GARFIELD AVE,2024-00014922,4/28/2024 12:51,10851(A) VC-F,AUTO THEFT
500 BLOCK N GARFIELD AVE,2024-00011711,4/2/2024 4:35,459 PC-F,BURGLARY COM
500 BLOCK N GARFIELD AVE,2024-00011705,4/2/2024 4:35,459 PC-F,BURGLARY COM
1000 BLOCK POTRERO GRANDE DR,2024-00012522,4/8/2024 21:03,459 PC-F,BURGLARY COM
4400 BLOCK RAMONA BLVD,2024-00012585,4/9/2024 13:08,459 PC-F,BURGLARY COM
500 BLOCK W GARVEY AVE,2024-00012844,4/11/2024 13:34,459 PC-F,BURGLARY COM
300 BLOCK E GARVEY AVE,2024-00013052,4/13/2024 6:26,459 PC-F,BURGLARY COM
100 BLOCK W HELLMAN AVE,2024-00013136,4/14/2024 6:06,459 PC-F,BURGLARY COM
2300 BLOCK S GARFIELD AVE,2024-00013760,4/19/2024 5:37,459 PC-F,BURGLARY COM
800 BLOCK E GARVEY AVE,2024-00014385,4/24/2024 10:22,459 PC-F,BURGLARY COM
1100 BLOCK W RIGGIN ST,2024-00014766,4/27/2024 5:45,459 PC-F,BURGLARY COM
100 BLOCK W GARVEY AVE,2024-00015074,4/30/2024 2:15,459 PC-F,BURGLARY COM
2000 BLOCK MARKET PLACE DR,2024-00012583,4/9/2024 13:05,487(A) PC-F,BURGLARY COM
2000 BLOCK MARKET PLACE DR,2024-00012969,4/12/2024 13:04,487(A) PC-F,BURGLARY COM
3500 BLOCK MARKET PLACE DR,2024-00013243,4/15/2024 10:35,487(A) PC-F,BURGLARY COM
2000 BLOCK MARKET PLACE DR,2024-00013321,4/15/2024 19:03,487(A) PC-F,BURGLARY COM
3500 BLOCK MARKET PLACE DR,2024-00014095,4/22/2024 10:00,487(A) PC-F,BURGLARY COM
2300 BLOCK S ATLANTIC BLVD,2024-00014544,4/25/2024 14:42,487(A) PC-F,BURGLARY COM
500 BLOCK ARBOLES ST,2024-00012001,4/4/2024 12:14,459 PC-F,BURGLARY RES
200 BLOCK S CHANDLER AVE,2024-00012025,4/4/2024 15:16,459 PC-F,BURGLARY RES
800 BLOCK DE LA FUENTE ST,2024-00012147,4/5/2024 14:54,459 PC-F,BURGLARY RES
400 BLOCK N BALTIMORE AVE,2024-00012299,4/6/2024 20:11,459 PC-F,BURGLARY RES
1500 BLOCK SUNRISE DR,2024-00012517,4/8/2024 19:41,459 PC-F,BURGLARY RES
800 BLOCK ACKLEY ST,2024-00012751,4/10/2024 19:17,459 PC-F,BURGLARY RES
1300 BLOCK WILCOX AVE,2024-00012999,4/12/2024 16:21,459 PC-F,BURGLARY RES
300 BLOCK ROCA WAY,2024-00013594,4/17/2024 22:08,459 PC-F,BURGLARY RES
600 BLOCK DE LA FUENTE ST,2024-00013740,4/18/2024 22:43,459 PC-F,BURGLARY RES
200 BLOCK W MARKLAND DR,2024-00013981,4/20/2024 22:16,459 PC-F,BURGLARY RES
1000 BLOCK RIDGECREST ST,2024-00014014,4/21/2024 7:00,459 PC-F,BURGLARY RES
1300 BLOCK S ATLANTIC BLVD,2024-00014308,4/23/2024 17:20,459 PC-F,BURGLARY RES
300 BLOCK E FLORAL DR,2024-00014697,4/26/2024 16:24,459 PC-F,BURGLARY RES
1600 BLOCK SOMBRERO DR,2024-00014843,4/27/2024 21:27,459 PC-F,BURGLARY RES
400 BLOCK W EL REPETTO DR,2024-00014860,4/27/2024 23:00,459 PC-F,BURGLARY RES
400 BLOCK N LINCOLN AVE,2024-00014993,4/29/2024 9:52,459 PC-F,BURGLARY RES
100 BLOCK N LINCOLN AVE,2024-00011792,4/2/2024 18:53,211 PC-F,ROBBERY
S GARFIELD AVE / W EL REPETTO DR,2024-00012176,4/5/2024 20:14,211 PC-F,ROBBERY
2200 BLOCK S ATLANTIC BLVD,2024-00012271,4/6/2024 15:28,211 PC-F,ROBBERY
200 BLOCK E POMONA BLVD,2024-00012532,4/9/2024 0:13,211 PC-F,ROBBERY
2100 BLOCK S ATLANTIC BLVD,2024-00013600,4/17/2024 23:11,211 PC-F,ROBBERY
2200 BLOCK S ATLANTIC BLVD,2024-00014934,4/28/2024 15:39,211 PC-F,ROBBERY
2000 BLOCK MARKET PLACE DR,2024-00028690,8/9/2024 18:06,459 PC-F,AUTO BURGLARY
400 BLOCK S GARFIELD AVE,2024-00029317,8/14/2024 12:33,459 PC-F,AUTO BURGLARY
400 BLOCK S ATLANTIC BLVD,2024-00029336,8/14/2024 15:16,459 PC-F,AUTO BURGLARY
400 BLOCK W RIGGIN ST,2024-00029467,8/15/2024 12:20,459 PC-F,AUTO BURGLARY
1600 BLOCK COLLEGE VIEW DR,2024-00029823,8/18/2024 2:11,459 PC-F,AUTO BURGLARY
300 BLOCK N ATLANTIC BLVD,2024-00029906,8/18/2024 22:42,459 PC-F,AUTO BURGLARY
400 BLOCK S ATLANTIC BLVD,2024-00030094,8/20/2024 10:54,459 PC-F,AUTO BURGLARY
300 BLOCK S ORANGE AVE,2024-00030506,8/23/2024 14:36,459 PC-F,AUTO BURGLARY
200 BLOCK E HELLMAN AVE,2024-00031210,8/28/2024 18:56,459 PC-F,AUTO BURGLARY
3500 BLOCK MARKET PLACE DR,2024-00028110,8/5/2024 12:12,487(A) PC-F,AUTO BURGLARY
900 BLOCK S ATLANTIC BLVD,2024-00027898,8/3/2024 10:04,10851(A) VC-F,AUTO THEFT
100 BLOCK CASUDA CANYON DR,2024-00028142,8/5/2024 16:47,10851(A) VC-F,AUTO THEFT
300 BLOCK S GARFIELD AVE,2024-00028263,8/6/2024 14:26,10851(A) VC-F,AUTO THEFT
700 BLOCK RIDGESIDE DR,2024-00028797,8/10/2024 13:57,10851(A) VC-F,AUTO THEFT
2300 BLOCK WOODS AVE,2024-00030152,8/20/2024 22:31,10851(A) VC-F,AUTO THEFT
500 BLOCK N GARFIELD AVE,2024-00030401,8/22/2024 17:26,10851(A) VC-F,AUTO THEFT
100 BLOCK W RIGGIN ST,2024-00030848,8/26/2024 6:27,10851(A) VC-F,AUTO THEFT
W EMERSON AVE / N MCPHERRIN AVE,2024-00030921,8/26/2024 17:04,10851(A) VC-F,AUTO THEFT
4400 BLOCK RAMONA BLVD,2024-00028260,8/6/2024 13:55,459 PC-F,BURGLARY COM
500 BLOCK W GARVEY AVE,2024-00028877,8/11/2024 4:08,459 PC-F,BURGLARY COM
1900 BLOCK S ATLANTIC BLVD,2024-00029845,8/18/2024 9:00,459 PC-F,BURGLARY COM
4400 BLOCK RAMONA BLVD,2024-00030113,8/20/2024 15:11,459 PC-F,BURGLARY COM
1900 BLOCK POTRERO GRANDE DR,2024-00030208,8/21/2024 9:27,459 PC-F,BURGLARY COM
200 BLOCK S GARFIELD AVE,2024-00030743,8/25/2024 9:48,459 PC-F,BURGLARY COM
200 BLOCK S GARFIELD AVE,2024-00030746,8/25/2024 9:48,459 PC-F,BURGLARY COM
200 BLOCK S GARFIELD AVE,2024-00030738,8/25/2024 9:48,459 PC-F,BURGLARY COM
200 BLOCK S GARFIELD AVE,2024-00030745,8/25/2024 9:48,459 PC-F,BURGLARY COM
2000 BLOCK MARKET PLACE DR,2024-00028030,8/4/2024 13:33,487(A) PC-F,BURGLARY COM
600 BLOCK N LINCOLN AVE,2024-00027810,8/2/2024 21:06,459 PC-F,BURGLARY RES
1500 BLOCK COLLEGE VIEW DR,2024-00028329,8/7/2024 0:35,459 PC-F,BURGLARY RES
600 BLOCK ACKLEY ST,2024-00028386,8/7/2024 13:19,459 PC-F,BURGLARY RES
200 BLOCK S ORANGE AVE,2024-00028385,8/7/2024 13:20,459 PC-F,BURGLARY RES
1000 BLOCK BRADSHAWE AVE,2024-00029090,8/12/2024 21:21,459 PC-F,BURGLARY RES
1000 BLOCK GRANDRIDGE AVE,2024-00029679,8/16/2024 22:53,459 PC-F,BURGLARY RES
1200 BLOCK PUNTA WAY,2024-00029767,8/17/2024 15:55,459 PC-F,BURGLARY RES
500 BLOCK N ALHAMBRA AVE,2024-00029842,8/18/2024 8:42,459 PC-F,BURGLARY RES
1000 BLOCK ISABELLA AVE,2024-00030793,8/25/2024 20:36,459 PC-F,BURGLARY RES
700 BLOCK TAYLOR DR,2024-00031449,8/30/2024 16:54,459 PC-F,BURGLARY RES
200 BLOCK S CHANDLER AVE,2024-00031619,8/31/2024 22:25,459 PC-F,BURGLARY RES
500 BLOCK N MOORE AVE,2024-00028310,8/6/2024 22:39,211 PC-F,ROBBERY
500 BLOCK S ATLANTIC BLVD,2024-00029961,8/19/2024 11:06,211 PC-F,ROBBERY
1600 BLOCK MONTEREY PASS RD,2024-00030359,8/22/2024 11:12,211 PC-F,ROBBERY
S ATLANTIC BLVD / W GARVEY AVE,2024-00030667,8/24/2024 16:31,211 PC-F,ROBBERY
300 BLOCK S GARFIELD AVE,2024-00030851,8/26/2024 7:30,211 PC-F,ROBBERY
300 BLOCK S GARFIELD AVE,2024-00031163,8/28/2024 12:34,211 PC-F,ROBBERY
400 BLOCK S ATLANTIC BLVD,2024-00031313,8/29/2024 13:36,211 PC-F,ROBBERY
HARDING AVE / S MCPHERRIN AVE,2024-00045920,12/3/2024 9:17,459 PC-F,AUTO BURGLARY
100 BLOCK E NEWMARK AVE,2024-00045938,12/3/2024 11:44,459 PC-F,AUTO BURGLARY
1100 BLOCK E EMERSON AVE,2024-00046031,12/4/2024 5:07,459 PC-F,AUTO BURGLARY
200 BLOCK W FERNFIELD DR,2024-00046118,12/4/2024 16:52,459 PC-F,AUTO BURGLARY
300 BLOCK E FLORAL DR,2024-00046171,12/5/2024 5:16,459 PC-F,AUTO BURGLARY
400 BLOCK S ATLANTIC BLVD,2024-00046283,12/5/2024 20:20,459 PC-F,AUTO BURGLARY
300 BLOCK N MCPHERRIN AVE,2024-00046347,12/6/2024 9:01,459 PC-F,AUTO BURGLARY
200 BLOCK S ATLANTIC BLVD,2024-00046474,12/6/2024 22:27,459 PC-F,AUTO BURGLARY
300 BLOCK N ATLANTIC BLVD,2024-00046486,12/6/2024 23:58,459 PC-F,AUTO BURGLARY
1000 BLOCK S GARFIELD AVE,2024-00047042,12/11/2024 5:41,459 PC-F,AUTO BURGLARY
3500 BLOCK MARKET PLACE DR,2024-00047080,12/11/2024 10:36,459 PC-F,AUTO BURGLARY
2300 BLOCK S GARFIELD AVE,2024-00047112,12/11/2024 15:45,459 PC-F,AUTO BURGLARY
600 BLOCK N GARFIELD AVE,2024-00047115,12/11/2024 16:41,459 PC-F,AUTO BURGLARY
400 BLOCK W GARVEY AVE,2024-00047460,12/13/2024 20:42,459 PC-F,AUTO BURGLARY
200 BLOCK S ATLANTIC BLVD,2024-00047466,12/13/2024 22:01,459 PC-F,AUTO BURGLARY
300 BLOCK S GARFIELD AVE,2024-00047514,12/14/2024 10:07,459 PC-F,AUTO BURGLARY
2300 BLOCK S ATLANTIC BLVD,2024-00048064,12/18/2024 14:54,459 PC-F,AUTO BURGLARY
1700 BLOCK COLLEGE VIEW DR,2024-00048312,12/20/2024 5:42,459 PC-F,AUTO BURGLARY
2300 BLOCK BLEAKWOOD AVE,2024-00048341,12/20/2024 8:49,459 PC-F,AUTO BURGLARY
400 BLOCK S GARFIELD AVE,2024-00048425,12/20/2024 19:54,459 PC-F,AUTO BURGLARY
400 BLOCK S NEW AVE,2024-00048737,12/23/2024 10:45,459 PC-F,AUTO BURGLARY
500 BLOCK N ATLANTIC BLVD,2024-00048763,12/23/2024 14:16,459 PC-F,AUTO BURGLARY
200 BLOCK E MARKLAND DR,2024-00048781,12/23/2024 17:29,459 PC-F,AUTO BURGLARY
100 BLOCK E GARVEY AVE,2024-00049163,12/26/2024 22:05,459 PC-F,AUTO BURGLARY
400 BLOCK N NICHOLSON AVE,2024-00049248,12/27/2024 12:55,459 PC-F,AUTO BURGLARY
2000 BLOCK MARKET PLACE DR,2024-00049685,12/31/2024 10:41,459 PC-F,AUTO BURGLARY
300 BLOCK MONTECHICO DR,2024-00047194,12/12/2024 6:29,10851(A) VC-F,AUTO THEFT
600 BLOCK W MARKLAND DR,2024-00047345,12/13/2024 4:04,10851(A) VC-F,AUTO THEFT
1400 BLOCK KEMPTON AVE,2024-00047361,12/13/2024 8:07,10851(A) VC-F,AUTO THEFT
2300 BLOCK WESTCOTT AVE,2024-00047440,12/13/2024 17:15,10851(A) VC-F,AUTO THEFT
616 W HELLMAN AVE,2024-00047446,12/13/2024 18:07,10851(A) VC-F,AUTO THEFT
3500 BLOCK MARKET PLACE DR,2024-00047454,12/13/2024 18:35,10851(A) VC-F,AUTO THEFT
1700 BLOCK ROBINLINDA LN,2024-00047519,12/14/2024 10:34,10851(A) VC-F,AUTO THEFT
1700 BLOCK FULTON AVE,2024-00047837,12/17/2024 1:52,10851(A) VC-F,AUTO THEFT
300 BLOCK N LINCOLN AVE,2024-00047868,12/17/2024 8:16,10851(A) VC-F,AUTO THEFT
400 BLOCK E FERNFIELD DR,2024-00048040,12/18/2024 12:20,10851(A) VC-F,AUTO THEFT
500 BLOCK N ATLANTIC BLVD,2024-00048574,12/21/2024 23:10,10851(A) VC-F,AUTO THEFT
400 BLOCK N NICHOLSON AVE,2024-00048603,12/22/2024 7:28,10851(A) VC-F,AUTO THEFT
2300 BLOCK HILLVIEW AVE,2024-00048666,12/22/2024 20:20,10851(A) VC-F,AUTO THEFT
500 BLOCK N ATLANTIC BLVD,2024-00048793,12/23/2024 19:04,10851(A) VC-F,AUTO THEFT
300 BLOCK S GARFIELD AVE,2024-00048922,12/24/2024 18:53,10851(A) VC-F,AUTO THEFT
2300 BLOCK FULTON AVE,2024-00048993,12/25/2024 10:20,10851(A) VC-F,AUTO THEFT
100 BLOCK N ATLANTIC BLVD,2024-00047681,12/15/2024 21:19,459 PC-F,BURGLARY COM
700 BLOCK S ATLANTIC BLVD,2024-00048461,12/21/2024 2:55,459 PC-F,BURGLARY COM
100 BLOCK N CHANDLER AVE,2024-00048876,12/24/2024 9:19,459 PC-F,BURGLARY COM
500 BLOCK MONTEREY PASS RD,2024-00049590,12/30/2024 13:27,459 PC-F,BURGLARY COM
400 BLOCK SEFTON AVE,2024-00045816,12/2/2024 16:00,459 PC-F,BURGLARY RES
400 BLOCK HARDING AVE,2024-00045828,12/2/2024 18:16,459 PC-F,BURGLARY RES
200 BLOCK E FLORAL DR,2024-00046114,12/4/2024 16:37,459 PC-F,BURGLARY RES
700 BLOCK W GLEASON ST,2024-00046140,12/4/2024 21:33,459 PC-F,BURGLARY RES
2400 BLOCK FULTON AVE,2024-00046414,12/6/2024 15:11,459 PC-F,BURGLARY RES
1700 BLOCK S ORANGE AVE,2024-00047101,12/11/2024 13:43,459 PC-F,BURGLARY RES
800 BLOCK W MABEL AVE,2024-00047314,12/12/2024 19:49,459 PC-F,BURGLARY RES
300 BLOCK N GARFIELD AVE,2024-00049165,12/26/2024 22:20,459 PC-F,BURGLARY RES
500 BLOCK POMELO AVE,2024-00049596,12/30/2024 15:05,459 PC-F,BURGLARY RES
200 BLOCK CASCADE TER,2024-00049620,12/30/2024 19:37,459 PC-F,BURGLARY RES
2300 BLOCK S ATLANTIC BLVD,2024-00045801,12/2/2024 14:42,211 PC-F,ROBBERY
300 BLOCK SEFTON AVE,2024-00046098,12/4/2024 13:45,211 PC-F,ROBBERY
2100 BLOCK S ATLANTIC BLVD,2024-00046588,12/7/2024 17:27,211 PC-F,ROBBERY
1500 BLOCK MONTEREY PASS RD,2024-00047041,12/11/2024 5:11,211 PC-F,ROBBERY
2100 BLOCK S ATLANTIC BLVD,2024-00047133,12/11/2024 19:55,211 PC-F,ROBBERY
400 BLOCK W GARVEY AVE,2024-00049398,12/28/2024 17:24,211 PC-F,ROBBERY
2300 BLOCK S ATLANTIC BLVD,2024-00004104,2/1/2024 17:17,459 PC-F,AUTO BURGLARY
2300 BLOCK GERHART AVE,2024-00004537,2/5/2024 7:49,459 PC-F,AUTO BURGLARY
400 BLOCK E EMERSON AVE,2024-00005381,2/12/2024 8:04,459 PC-F,AUTO BURGLARY
3500 BLOCK MARKET PLACE DR,2024-00005991,2/16/2024 9:28,459 PC-F,AUTO BURGLARY
1300 BLOCK ISABELLA AVE,2024-00006224,2/18/2024 2:50,459 PC-F,AUTO BURGLARY
3500 BLOCK MARKET PLACE DR,2024-00006250,2/18/2024 10:48,459 PC-F,AUTO BURGLARY
500 BLOCK N ATLANTIC BLVD,2024-00006479,2/20/2024 14:39,459 PC-F,AUTO BURGLARY
500 BLOCK N ATLANTIC BLVD,2024-00006703,2/22/2024 7:41,459 PC-F,AUTO BURGLARY
500 BLOCK N ATLANTIC BLVD,2024-00006695,2/22/2024 7:41,459 PC-F,AUTO BURGLARY
200 BLOCK E FLORAL DR,2024-00006859,2/23/2024 8:07,459 PC-F,AUTO BURGLARY
300 BLOCK POMELO AVE,2024-00006857,2/23/2024 8:25,459 PC-F,AUTO BURGLARY
400 BLOCK W RIGGIN ST,2024-00006865,2/23/2024 9:19,459 PC-F,AUTO BURGLARY
900 BLOCK S ATLANTIC BLVD,2024-00007143,2/25/2024 2:26,459 PC-F,AUTO BURGLARY
3500 BLOCK RAMONA BLVD,2024-00007177,2/25/2024 15:24,459 PC-F,AUTO BURGLARY
1000 BLOCK COLLEGE VIEW DR,2024-00007477,2/27/2024 19:10,459 PC-F,AUTO BURGLARY
400 BLOCK W GARVEY AVE,2024-00007491,2/27/2024 21:09,459 PC-F,AUTO BURGLARY
400 BLOCK N ATLANTIC BLVD,2024-00007764,2/29/2024 22:12,459 PC-F,AUTO BURGLARY
2400 BLOCK FULTON AVE,2024-00006131,2/17/2024 10:28,487(A) PC-F,AUTO BURGLARY
1200 BLOCK 1ST ST,2024-00004146,2/2/2024 6:34,10851(A) VC-F,AUTO THEFT
200 BLOCK E POMONA BLVD,2024-00004207,2/2/2024 12:36,10851(A) VC-F,AUTO THEFT
800 BLOCK E GRAVES AVE,2024-00004332,2/3/2024 8:58,10851(A) VC-F,AUTO THEFT
1800 BLOCK BRIGHTWOOD ST,2024-00004433,2/4/2024 5:48,10851(A) VC-F,AUTO THEFT
3500 BLOCK MARKET PLACE DR,2024-00004578,2/5/2024 14:15,10851(A) VC-F,AUTO THEFT
800 BLOCK W EL REPETTO DR,2024-00004801,2/7/2024 15:25,10851(A) VC-F,AUTO THEFT
300 BLOCK E GARVEY AVE,2024-00004804,2/7/2024 15:47,10851(A) VC-F,AUTO THEFT
100 BLOCK N YNEZ AVE,2024-00004970,2/8/2024 20:51,10851(A) VC-F,AUTO THEFT
200 BLOCK E HELLMAN AVE,2024-00005302,2/11/2024 13:20,10851(A) VC-F,AUTO THEFT
AVENIDA CESAR CHAVEZ / VANCOUVER AVE,2024-00005574,2/13/2024 12:54,10851(A) VC-F,AUTO THEFT
900 BLOCK DE LA FUENTE ST,2024-00005969,2/16/2024 7:29,10851(A) VC-F,AUTO THEFT
BRADSHAWE AVE / W RIGGIN ST,2024-00005978,2/16/2024 8:11,10851(A) VC-F,AUTO THEFT
900 BLOCK DIVINA VISTA ST,2024-00005997,2/16/2024 10:20,10851(A) VC-F,AUTO THEFT
600 BLOCK W POMONA BLVD,2024-00006012,2/16/2024 11:05,10851(A) VC-F,AUTO THEFT
2400 BLOCK HENDRICKS AVE,2024-00006056,2/16/2024 19:19,10851(A) VC-F,AUTO THEFT
2300 BLOCK GERHART AVE,2024-00006366,2/19/2024 17:56,10851(A) VC-F,AUTO THEFT
MONTEREY PASS RD / KERN AVE,2024-00006617,2/21/2024 13:59,10851(A) VC-F,AUTO THEFT
2400 BLOCK GERHART AVE,2024-00006687,2/22/2024 5:49,10851(A) VC-F,AUTO THEFT
1800 BLOCK S ATLANTIC BLVD,2024-00007018,2/24/2024 7:11,10851(A) VC-F,AUTO THEFT
500 BLOCK MONTEREY PASS RD,2024-00007035,2/24/2024 9:35,10851(A) VC-F,AUTO THEFT
2400 BLOCK S GARFIELD AVE,2024-00007391,2/27/2024 10:01,10851(A) VC-F RECOVERY ONLY,AUTO THEFT
1400 BLOCK COLLEGE VIEW DR,2024-00006515,2/20/2024 20:54,503 PC-F,AUTO THEFT
600 BLOCK N GARFIELD AVE,2024-00004313,2/3/2024 3:58,459 PC-F,BURGLARY COM
1100 BLOCK W GARVEY AVE,2024-00004748,2/7/2024 8:32,459 PC-F,BURGLARY COM
500 BLOCK E MARKLAND DR,2024-00004897,2/8/2024 11:12,459 PC-F,BURGLARY COM
300 BLOCK E GARVEY AVE,2024-00004994,2/9/2024 7:26,459 PC-F,BURGLARY COM
400 BLOCK S ATLANTIC BLVD,2024-00005380,2/12/2024 7:43,459 PC-F,BURGLARY COM
2000 BLOCK MARKET PLACE DR,2024-00005742,2/14/2024 15:01,459 PC-F,BURGLARY COM
4700 BLOCK MARKET PLACE DR,2024-00006307,2/19/2024 2:45,459 PC-F,BURGLARY COM
100 BLOCK E EMERSON AVE,2024-00007056,2/24/2024 12:38,459 PC-F,BURGLARY COM
2500 BLOCK CORPORATE PL,2024-00007144,2/25/2024 3:01,459 PC-F,BURGLARY COM
600 BLOCK W GARVEY AVE,2024-00007549,2/28/2024 10:26,459 PC-F,BURGLARY COM
3000 BLOCK MARKET PLACE DR,2024-00004075,2/1/2024 12:11,487(A) PC-F,BURGLARY COM
2000 BLOCK S ATLANTIC BLVD,2024-00004113,2/1/2024 20:33,487(A) PC-F,BURGLARY COM
2100 BLOCK S ATLANTIC BLVD,2024-00004931,2/8/2024 16:13,487(A) PC-F,BURGLARY COM
3500 BLOCK MARKET PLACE DR,2024-00006289,2/18/2024 20:05,487(A) PC-F,BURGLARY COM
2000 BLOCK ARRIBA DR,2024-00004222,2/2/2024 16:31,459 PC-F,BURGLARY RES
500 BLOCK S LINCOLN AVE,2024-00004409,2/3/2024 22:48,459 PC-F,BURGLARY RES
600 BLOCK W GRAVES AVE,2024-00005054,2/9/2024 15:26,459 PC-F,BURGLARY RES
100 BLOCK FLORENCE AVE,2024-00005472,2/12/2024 20:49,459 PC-F,BURGLARY RES
100 BLOCK CAMPANITA CT,2024-00005915,2/15/2024 18:56,459 PC-F,BURGLARY RES
100 BLOCK LADERA ST,2024-00006072,2/16/2024 21:15,459 PC-F,BURGLARY RES
2400 BLOCK FULTON AVE,2024-00006292,2/18/2024 21:28,459 PC-F,BURGLARY RES
900 BLOCK VILLAGE DR,2024-00006385,2/19/2024 20:17,459 PC-F,BURGLARY RES
400 BLOCK N CHANDLER AVE,2024-00006719,2/22/2024 9:27,459 PC-F,BURGLARY RES
300 BLOCK W FLORAL DR,2024-00006731,2/22/2024 10:00,459 PC-F,BURGLARY RES
1800 BLOCK S ATLANTIC BLVD,2024-00007049,2/24/2024 11:22,459 PC-F,BURGLARY RES
1500 BLOCK ROLLING HILL DR,2024-00007619,2/28/2024 17:51,459 PC-F,BURGLARY RES
2100 BLOCK S ATLANTIC BLVD,2024-00004967,2/8/2024 21:04,211 PC-F,ROBBERY
400 BLOCK E GARVEY AVE,2024-00006861,2/23/2024 9:00,211 PC-F,ROBBERY
1000 BLOCK E HELLMAN AVE,2024-00007174,2/25/2024 14:52,211 PC-F,ROBBERY
200 BLOCK S RURAL DR,2025-00000251,1/3/2025 2:41,459 PC-F,AUTO BURGLARY
1500 BLOCK RIDGECREST ST,2025-00001016,1/8/2025 7:56,459 PC-F,AUTO BURGLARY
1400 BLOCK PEBBLEDON ST,2025-00001939,1/15/2025 5:59,459 PC-F,AUTO BURGLARY
1600 BLOCK COLLEGE VIEW DR,2025-00001950,1/15/2025 7:34,459 PC-F,AUTO BURGLARY
300 BLOCK N ATLANTIC BLVD,2025-00002119,1/16/2025 13:46,459 PC-F,AUTO BURGLARY
1100 BLOCK W RIGGIN ST,2025-00003269,1/25/2025 8:37,459 PC-F,AUTO BURGLARY
600 BLOCK W FERNFIELD DR,2025-00003450,1/27/2025 2:12,459 PC-F,AUTO BURGLARY
2300 BLOCK GERHART AVE,2025-00003481,1/27/2025 7:14,459 PC-F,AUTO BURGLARY
300 BLOCK N ATLANTIC BLVD,2025-00003843,1/29/2025 13:00,459 PC-F,AUTO BURGLARY
100 BLOCK S LINCOLN AVE,2025-00003859,1/29/2025 15:33,459 PC-F,AUTO BURGLARY
700 BLOCK W GARVEY AVE,2025-00003886,1/29/2025 21:09,459 PC-F,AUTO BURGLARY
700 BLOCK KINGSFORD ST,2025-00004073,1/31/2025 8:55,459 PC-F,AUTO BURGLARY
400 BLOCK LADERA ST,2025-00000194,1/2/2025 14:30,10851(A) VC-F,AUTO THEFT
500 BLOCK S ORANGE AVE,2025-00000296,1/3/2025 11:34,10851(A) VC-F,AUTO THEFT
300 BLOCK S GARFIELD AVE,2025-00000364,1/3/2025 19:28,10851(A) VC-F,AUTO THEFT
500 BLOCK N NEW AVE,2025-00000435,1/4/2025 9:00,10851(A) VC-F,AUTO THEFT
300 BLOCK S ORANGE AVE,2025-00000444,1/4/2025 10:06,10851(A) VC-F,AUTO THEFT
300 BLOCK N CHANDLER AVE,2025-00001000,1/8/2025 6:11,10851(A) VC-F,AUTO THEFT
900 BLOCK EROICA DR,2025-00001040,1/8/2025 10:56,10851(A) VC-F,AUTO THEFT
600 BLOCK N ORANGE AVE,2025-00001364,1/10/2025 17:21,10851(A) VC-F,AUTO THEFT
400 BLOCK POTRERO GRANDE DR,2025-00001398,1/11/2025 1:58,10851(A) VC-F,AUTO THEFT
3500 BLOCK MARKET PLACE DR,2025-00001462,1/11/2025 13:18,10851(A) VC-F,AUTO THEFT
400 BLOCK N NICHOLSON AVE,2025-00001645,1/13/2025 4:28,10851(A) VC-F,AUTO THEFT
500 BLOCK N GARFIELD AVE,2025-00001878,1/14/2025 14:36,10851(A) VC-F,AUTO THEFT
1200 BLOCK COLLEGE VIEW DR,2025-00001953,1/15/2025 7:39,10851(A) VC-F,AUTO THEFT
1700 BLOCK COLLEGE VIEW DR,2025-00001956,1/15/2025 8:13,10851(A) VC-F,AUTO THEFT
1100 BLOCK COLLEGE VIEW DR,2025-00002535,1/19/2025 16:47,10851(A) VC-F,AUTO THEFT
200 BLOCK CENTRE PLAZA DR,2025-00002773,1/21/2025 13:13,10851(A) VC-F,AUTO THEFT
300 BLOCK S GARFIELD AVE,2025-00002794,1/21/2025 14:57,10851(A) VC-F,AUTO THEFT
100 BLOCK S LINCOLN AVE,2025-00002979,1/23/2025 7:19,10851(A) VC-F,AUTO THEFT
500 BLOCK N ATLANTIC BLVD,2025-00003241,1/25/2025 5:30,10851(A) VC-F,AUTO THEFT
E HELLMAN AVE / N NEW AVE,2025-00003363,1/25/2025 23:40,10851(A) VC-F,AUTO THEFT
700 BLOCK W POMONA BLVD,2025-00003386,1/26/2025 8:30,10851(A) VC-F,AUTO THEFT
600 BLOCK W POMONA BLVD,2025-00003434,1/26/2025 22:09,10851(A) VC-F,AUTO THEFT
700 BLOCK W GARVEY AVE,2025-00003572,1/27/2025 21:12,10851(A) VC-F,AUTO THEFT
2100 BLOCK WILCOX AVE,2025-00004056,1/31/2025 7:42,10851(A) VC-F,AUTO THEFT
500 BLOCK MONTEREY PASS RD,2025-00001029,1/8/2025 9:32,459 PC-F,BURGLARY COM
3500 BLOCK MARKET PLACE DR,2025-00003508,1/27/2025 10:49,459 PC-F,BURGLARY COM
2200 BLOCK S ATLANTIC BLVD,2025-00003607,1/28/2025 5:59,459 PC-F,BURGLARY COM
3000 BLOCK MARKET PLACE DR,2025-00004084,1/31/2025 12:47,459 PC-F,BURGLARY COM
1100 BLOCK MCCOMB WAY,2025-00000939,1/7/2025 21:24,459 PC-F,BURGLARY RES
700 BLOCK LAUREL CIR,2025-00002500,1/19/2025 10:35,459 PC-F,BURGLARY RES
400 BLOCK N LINCOLN AVE,2025-00003350,1/25/2025 21:16,459 PC-F,BURGLARY RES
300 BLOCK FLORENCE AVE,2025-00003476,1/27/2025 6:54,459 PC-F,BURGLARY RES
600 BLOCK W EL REPETTO DR,2025-00003703,1/28/2025 16:03,459 PC-F,BURGLARY RES
200 BLOCK E MOONEY DR,2025-00003861,1/29/2025 16:01,459 PC-F,BURGLARY RES
200 BLOCK S LINCOLN AVE,2025-00004158,1/31/2025 22:27,459 PC-F,BURGLARY RES
200 BLOCK E POMONA BLVD,2025-00001227,1/9/2025 17:47,211 PC-F,ROBBERY
500 BLOCK N BALTIMORE AVE,2025-00001348,1/10/2025 15:26,211 PC-F,ROBBERY
700 BLOCK HERSHEY AVE,2025-00001375,1/10/2025 20:24,211 PC-F,ROBBERY
3500 BLOCK MARKET PLACE DR,2025-00001550,1/12/2025 11:35,211 PC-F,ROBBERY
2200 BLOCK S ATLANTIC BLVD,2025-00002151,1/16/2025 19:15,211 PC-F,ROBBERY
800 BLOCK RIDGECREST ST,2025-00002270,1/17/2025 15:10,211 PC-F,ROBBERY
700 BLOCK RIDGECREST ST,2025-00002496,1/19/2025 9:49,211 PC-F,ROBBERY
100 BLOCK W GARVEY AVE,2025-00003079,1/23/2025 19:07,211 PC-F,ROBBERY
100 BLOCK E GARVEY AVE,2025-00003192,1/24/2025 18:52,211 PC-F,ROBBERY
200 BLOCK S ATLANTIC BLVD,2025-00003210,1/24/2025 21:50,211 PC-F,ROBBERY
300 BLOCK S ORANGE AVE,2025-00003238,1/25/2025 5:19,211 PC-F,ROBBERY
700 BLOCK HARDING AVE,2024-00023219,7/1/2024 12:50,459 PC-F,AUTO BURGLARY
WOODS AVE / 1ST ST,2024-00023433,7/2/2024 17:55,459 PC-F,AUTO BURGLARY
500 BLOCK W ALMORA ST,2024-00023646,7/4/2024 4:29,459 PC-F,AUTO BURGLARY
200 BLOCK W GLEASON ST,2024-00023653,7/4/2024 8:17,459 PC-F,AUTO BURGLARY
2000 BLOCK GRAYLOCK AVE,2024-00023686,7/4/2024 11:25,459 PC-F,AUTO BURGLARY
500 BLOCK W POMONA BLVD,2024-00023868,7/5/2024 11:52,459 PC-F,AUTO BURGLARY
200 BLOCK W GARVEY AVE,2024-00024188,7/8/2024 8:13,459 PC-F,AUTO BURGLARY
200 BLOCK W GARVEY AVE,2024-00024419,7/9/2024 14:02,459 PC-F,AUTO BURGLARY
200 BLOCK W GARVEY AVE,2024-00024418,7/9/2024 14:02,459 PC-F,AUTO BURGLARY
200 BLOCK W GARVEY AVE,2024-00024415,7/9/2024 14:02,459 PC-F,AUTO BURGLARY
1000 BLOCK LANGLEY WAY,2024-00025460,7/16/2024 9:08,459 PC-F,AUTO BURGLARY
500 BLOCK S NEW AVE,2024-00025582,7/17/2024 7:09,459 PC-F,AUTO BURGLARY
400 BLOCK POTRERO GRANDE DR,2024-00025731,7/18/2024 8:34,459 PC-F,AUTO BURGLARY
300 BLOCK W GARVEY AVE,2024-00025813,7/18/2024 21:01,459 PC-F,AUTO BURGLARY
300 BLOCK W GARVEY AVE,2024-00025815,7/18/2024 21:06,459 PC-F,AUTO BURGLARY
1500 BLOCK COLLEGE VIEW DR,2024-00025848,7/19/2024 6:03,459 PC-F,AUTO BURGLARY
2100 BLOCK S ATLANTIC BLVD,2024-00026268,7/22/2024 20:42,459 PC-F,AUTO BURGLARY
600 BLOCK W MARKLAND DR,2024-00026313,7/23/2024 7:11,459 PC-F,AUTO BURGLARY
1400 BLOCK VALLEY VISTA DR,2024-00026489,7/24/2024 8:11,459 PC-F,AUTO BURGLARY
300 BLOCK E GARVEY AVE,2024-00023420,7/2/2024 15:20,10851(A) VC-F,AUTO THEFT
500 BLOCK N ATLANTIC BLVD,2024-00023450,7/2/2024 19:14,10851(A) VC-F,AUTO THEFT
2000 BLOCK S GARFIELD AVE,2024-00023663,7/4/2024 9:13,10851(A) VC-F,AUTO THEFT
500 BLOCK N ATLANTIC BLVD,2024-00024257,7/8/2024 15:32,10851(A) VC-F,AUTO THEFT
300 BLOCK E POMONA BLVD,2024-00024403,7/9/2024 14:01,10851(A) VC-F,AUTO THEFT
200 BLOCK W POMONA BLVD,2024-00024657,7/11/2024 6:51,10851(A) VC-F,AUTO THEFT
1500 BLOCK RIDGECREST ST,2024-00025157,7/14/2024 8:48,10851(A) VC-F,AUTO THEFT
400 BLOCK E MARKLAND DR,2024-00025769,7/18/2024 12:57,10851(A) VC-F,AUTO THEFT
500 BLOCK N ATLANTIC BLVD,2024-00026139,7/21/2024 18:34,10851(A) VC-F,AUTO THEFT
1900 BLOCK POTRERO GRANDE DR,2024-00026371,7/23/2024 13:16,10851(A) VC-F,AUTO THEFT
200 BLOCK W MARKLAND DR,2024-00026448,7/24/2024 1:06,10851(A) VC-F,AUTO THEFT
2300 BLOCK SCHOOLSIDE AVE,2024-00026485,7/24/2024 7:54,10851(A) VC-F,AUTO THEFT
100 BLOCK N GARFIELD AVE,2024-00026516,7/24/2024 11:11,10851(A) VC-F,AUTO THEFT
400 BLOCK N ATLANTIC BLVD,2024-00026700,7/25/2024 18:45,10851(A) VC-F,AUTO THEFT
500 BLOCK N ATLANTIC BLVD,2024-00027108,7/29/2024 0:15,10851(A) VC-F,AUTO THEFT
1500 BLOCK COLLEGE VIEW DR,2024-00027253,7/30/2024 3:29,10851(A) VC-F,AUTO THEFT
600 BLOCK N GARFIELD AVE,2024-00026986,7/27/2024 23:47,10851(A) VC-F RECOVERY,AUTO THEFT
2100 BLOCK S GARFIELD AVE,2024-00023163,7/1/2024 4:50,459 PC-F,BURGLARY COM
2200 BLOCK S ATLANTIC BLVD,2024-00023165,7/1/2024 5:45,459 PC-F,BURGLARY COM
900 BLOCK S ATLANTIC BLVD,2024-00024339,7/9/2024 8:17,459 PC-F,BURGLARY COM
800 BLOCK S ATLANTIC BLVD,2024-00024498,7/10/2024 5:58,459 PC-F,BURGLARY COM
300 BLOCK W GARVEY AVE,2024-00026104,7/21/2024 11:04,459 PC-F,BURGLARY COM
500 BLOCK MONTEREY PASS RD,2024-00027439,7/31/2024 10:36,459 PC-F,BURGLARY COM
3500 BLOCK MARKET PLACE DR,2024-00023535,7/3/2024 9:46,487(A) PC-F,BURGLARY COM
2200 BLOCK S ATLANTIC BLVD,2024-00024551,7/10/2024 12:16,487(A) PC-F,BURGLARY COM
3500 BLOCK MARKET PLACE DR,2024-00025053,7/13/2024 10:19,487(A) PC-F,BURGLARY COM
600 BLOCK EL MERCADO AVE,2024-00023245,7/1/2024 14:55,459 PC-F,BURGLARY RES
500 BLOCK N YNEZ AVE,2024-00023389,7/2/2024 12:33,459 PC-F,BURGLARY RES
300 BLOCK S ALHAMBRA AVE,2024-00023712,7/4/2024 15:03,459 PC-F,BURGLARY RES
200 BLOCK S MCPHERRIN AVE,2024-00023933,7/5/2024 22:22,459 PC-F,BURGLARY RES
900 BLOCK MOONBEAM DR,2024-00025000,7/12/2024 22:41,459 PC-F,BURGLARY RES
1500 BLOCK VERDE VISTA DR,2024-00025801,7/18/2024 18:49,459 PC-F,BURGLARY RES
300 BLOCK S MOORE AVE,2024-00026544,7/24/2024 14:57,459 PC-F,BURGLARY RES
400 BLOCK S MOORE AVE,2024-00026548,7/24/2024 15:49,459 PC-F,BURGLARY RES
700 BLOCK BARNUM WAY,2024-00026761,7/26/2024 11:13,459 PC-F,BURGLARY RES
500 BLOCK EL MERCADO AVE,2024-00026888,7/27/2024 10:28,459 PC-F,BURGLARY RES
1100 BLOCK DOVER WAY,2024-00026964,7/27/2024 20:42,459 PC-F,BURGLARY RES
600 BLOCK S GARFIELD AVE,2024-00027349,7/30/2024 14:21,459 PC-F,BURGLARY RES
300 BLOCK GLADYS AVE,2024-00027470,7/31/2024 16:24,459 PC-F,BURGLARY RES
1600 BLOCK MONTEREY PASS RD,2024-00024486,7/10/2024 2:37,211 PC-F,ROBBERY
500 BLOCK S GARFIELD AVE,2024-00027441,7/31/2024 10:57,211 PC-F,ROBBERY
2000 BLOCK HEATHER DR,2024-00023507,7/3/2024 5:51,212.5(A) PC-F; 215(A) PC-F; 459 PC-F,ROBBERY
100 BLOCK N GARFIELD AVE,2024-00019815,6/5/2024 12:36,459 PC-F,AUTO BURGLARY
400 BLOCK S ATLANTIC BLVD,2024-00019985,6/6/2024 17:42,459 PC-F,AUTO BURGLARY
800 BLOCK W FERNFIELD DR,2024-00020355,6/9/2024 18:54,459 PC-F,AUTO BURGLARY
400 BLOCK W RIGGIN ST,2024-00020459,6/10/2024 17:55,459 PC-F,AUTO BURGLARY
1100 BLOCK E EMERSON AVE,2024-00020518,6/11/2024 9:10,459 PC-F,AUTO BURGLARY
200 BLOCK E MOONEY DR,2024-00020964,6/14/2024 20:21,459 PC-F,AUTO BURGLARY
100 BLOCK S LINCOLN AVE,2024-00021467,6/18/2024 18:37,459 PC-F,AUTO BURGLARY
200 BLOCK S NICHOLSON AVE,2024-00021675,6/20/2024 7:41,459 PC-F,AUTO BURGLARY
3500 BLOCK MARKET PLACE DR,2024-00021746,6/20/2024 14:54,459 PC-F,AUTO BURGLARY
400 BLOCK N ATLANTIC BLVD,2024-00022137,6/23/2024 12:32,459 PC-F,AUTO BURGLARY
N ATLANTIC BLVD / W HELLMAN AVE,2024-00022267,6/24/2024 12:32,459 PC-F,AUTO BURGLARY
400 BLOCK W GARVEY AVE,2024-00022507,6/25/2024 19:03,459 PC-F,AUTO BURGLARY
200 BLOCK W GARVEY AVE,2024-00022792,6/27/2024 17:44,459 PC-F,AUTO BURGLARY
500 BLOCK CASUDA CANYON DR,2024-00019331,6/1/2024 15:12,10851(A) VC-F,AUTO THEFT
2000 BLOCK MARKET PLACE DR,2024-00019994,6/6/2024 19:26,10851(A) VC-F,AUTO THEFT
300 BLOCK N ATLANTIC BLVD,2024-00020373,6/9/2024 21:44,10851(A) VC-F,AUTO THEFT
1900 BLOCK SUNRISE DR,2024-00020412,6/10/2024 8:33,10851(A) VC-F,AUTO THEFT
3500 BLOCK MARKET PLACE DR,2024-00020777,6/13/2024 12:39,10851(A) VC-F,AUTO THEFT
2300 BLOCK SCHOOLSIDE AVE,2024-00020863,6/14/2024 8:00,10851(A) VC-F,AUTO THEFT
N LINCOLN AVE / E GARVEY AVE,2024-00021148,6/16/2024 12:39,10851(A) VC-F,AUTO THEFT
600 BLOCK W FERNFIELD DR,2024-00022246,6/24/2024 10:49,10851(A) VC-F,AUTO THEFT
600 BLOCK W FERNFIELD DR,2024-00022765,6/27/2024 15:24,10851(A) VC-F,AUTO THEFT
1400 BLOCK BRIGHTWOOD ST,2024-00022516,6/25/2024 20:34,10852 VC-M; 459 PC-F,AUTO THEFT
800 BLOCK S ATLANTIC BLVD,2024-00020656,6/12/2024 11:45,459 PC-F,BURGLARY COM
200 BLOCK N GARFIELD AVE,2024-00021664,6/20/2024 4:27,459 PC-F,BURGLARY COM
400 BLOCK MONTEREY PASS RD,2024-00022012,6/22/2024 9:43,459 PC-F,BURGLARY COM
4400 BLOCK RAMONA BLVD,2024-00022142,6/23/2024 14:16,459 PC-F,BURGLARY COM
200 BLOCK HAMPTON AVE,2024-00022252,6/24/2024 11:02,459 PC-F,BURGLARY COM
700 BLOCK MONTEREY PASS RD,2024-00022282,6/24/2024 14:35,459 PC-F,BURGLARY COM
700 BLOCK HARDING AVE,2024-00022732,6/27/2024 10:34,459 PC-F,BURGLARY COM
100 BLOCK N ATLANTIC BLVD,2024-00022845,6/28/2024 8:30,459 PC-F,BURGLARY COM
800 BLOCK MONTEREY PASS RD,2024-00023024,6/29/2024 22:15,459 PC-F,BURGLARY COM
800 BLOCK S ATLANTIC BLVD,2024-00023120,6/30/2024 20:13,459 PC-F,BURGLARY COM
400 BLOCK SEFTON AVE,2024-00020647,6/12/2024 11:53,459 PC-F,BURGLARY RES
200 BLOCK BARRANCA DR,2024-00021254,6/17/2024 11:30,459 PC-F,BURGLARY RES
700 BLOCK W GLEASON ST,2024-00021998,6/22/2024 7:08,459 PC-F,BURGLARY RES
1700 BLOCK GRANDRIDGE AVE,2024-00022492,6/25/2024 15:36,459 PC-F,BURGLARY RES
400 BLOCK N BALTIMORE AVE,2024-00021643,6/19/2024 22:59,211 PC-F,ROBBERY
3000 BLOCK MARKET PLACE DR,2024-00021738,6/20/2024 14:06,211 PC-F,ROBBERY
400 BLOCK MONTEREY PASS RD,2024-00021978,6/22/2024 4:25,211 PC-F,ROBBERY
100 BLOCK ELECTRIC AVE,2024-00021052,6/15/2024 13:30,212.5(A) PC-F,ROBBERY
500 BLOCK S ATLANTIC BLVD,2024-00020077,6/7/2024 14:31,245(A)(1) PC-F,ROBBERY
1300 BLOCK ARROYO DR,2024-00008706,3/8/2024 9:39,10851(A) VC-F,AUTO BURGLARY
500 BLOCK N ATLANTIC BLVD,2024-00008085,3/3/2024 14:04,459 PC-F,AUTO BURGLARY
500 BLOCK N ATLANTIC BLVD,2024-00008218,3/4/2024 14:37,459 PC-F,AUTO BURGLARY
2000 BLOCK MARKET PLACE DR,2024-00008343,3/5/2024 18:09,459 PC-F,AUTO BURGLARY
100 BLOCK S LINCOLN AVE,2024-00008471,3/6/2024 15:13,459 PC-F,AUTO BURGLARY
100 BLOCK E GARVEY AVE,2024-00008500,3/6/2024 19:47,459 PC-F,AUTO BURGLARY
300 BLOCK S CHANDLER AVE,2024-00008682,3/8/2024 7:37,459 PC-F,AUTO BURGLARY
100 BLOCK N GARFIELD AVE,2024-00008806,3/8/2024 22:56,459 PC-F,AUTO BURGLARY
1800 BLOCK SUNRISE DR,2024-00008960,3/10/2024 11:12,459 PC-F,AUTO BURGLARY
300 BLOCK S GARFIELD AVE,2024-00009136,3/11/2024 19:03,459 PC-F,AUTO BURGLARY
400 BLOCK W GARVEY AVE,2024-00009502,3/14/2024 13:33,459 PC-F,AUTO BURGLARY
600 BLOCK W POMONA BLVD,2024-00009831,3/17/2024 8:31,459 PC-F,AUTO BURGLARY
500 BLOCK W POMONA BLVD,2024-00009912,3/18/2024 5:17,459 PC-F,AUTO BURGLARY
3500 BLOCK MARKET PLACE DR,2024-00010454,3/22/2024 10:38,459 PC-F,AUTO BURGLARY
2100 BLOCK S ATLANTIC BLVD,2024-00010466,3/22/2024 11:44,459 PC-F,AUTO BURGLARY
100 BLOCK N RURAL DR,2024-00010586,3/23/2024 13:55,459 PC-F,AUTO BURGLARY
1300 BLOCK S ATLANTIC BLVD,2024-00010752,3/25/2024 8:03,459 PC-F,AUTO BURGLARY
1200 BLOCK DORNER DR,2024-00007996,3/2/2024 18:27,10851(A) VC-F,AUTO THEFT
2200 BLOCK S ATLANTIC BLVD,2024-00008292,3/5/2024 11:05,10851(A) VC-F,AUTO THEFT
300 BLOCK W EMERSON AVE,2024-00008730,3/8/2024 13:38,10851(A) VC-F,AUTO THEFT
200 BLOCK S NICHOLSON AVE,2024-00008963,3/10/2024 12:07,10851(A) VC-F,AUTO THEFT
200 BLOCK E HAMMEL ST,2024-00009664,3/15/2024 19:47,10851(A) VC-F,AUTO THEFT
400 BLOCK N MCPHERRIN AVE,2024-00010748,3/25/2024 7:25,10851(A) VC-F,AUTO THEFT
2300 BLOCK S GARFIELD AVE,2024-00010854,3/25/2024 22:41,10851(A) VC-F,AUTO THEFT
800 BLOCK METRO DR,2024-00010858,3/25/2024 23:29,10851(A) VC-F,AUTO THEFT
400 BLOCK RUSSELL AVE,2024-00010928,3/26/2024 13:36,10851(A) VC-F,AUTO THEFT
600 BLOCK HERMOSA VISTA ST,2024-00010995,3/27/2024 7:32,10851(A) VC-F,AUTO THEFT
400 BLOCK W GRAVES AVE,2024-00011115,3/28/2024 6:59,10851(A) VC-F,AUTO THEFT
600 BLOCK N MCPHERRIN AVE,2024-00011138,3/28/2024 8:20,10851(A) VC-F,AUTO THEFT
200 BLOCK S YNEZ AVE,2024-00011418,3/30/2024 13:55,10851(A) VC-F,AUTO THEFT
300 BLOCK N GARFIELD AVE,2024-00007919,3/2/2024 4:01,459 PC-F,BURGLARY COM
1900 BLOCK S ATLANTIC BLVD,2024-00007923,3/2/2024 5:57,459 PC-F,BURGLARY COM
1900 BLOCK S ATLANTIC BLVD,2024-00007924,3/2/2024 7:12,459 PC-F,BURGLARY COM
100 BLOCK S ATLANTIC BLVD,2024-00008569,3/7/2024 11:01,459 PC-F,BURGLARY COM
2100 BLOCK S ATLANTIC BLVD,2024-00009238,3/12/2024 12:56,459 PC-F,BURGLARY COM
400 BLOCK N ATLANTIC BLVD,2024-00010506,3/22/2024 18:53,459 PC-F,BURGLARY COM
500 BLOCK W GARVEY AVE,2024-00011251,3/29/2024 2:38,459 PC-F,BURGLARY COM
600 BLOCK S ATLANTIC BLVD,2024-00011254,3/29/2024 3:12,459 PC-F,BURGLARY COM
2000 BLOCK S ATLANTIC BLVD,2024-00011280,3/29/2024 10:30,459 PC-F,BURGLARY COM
600 BLOCK N YNEZ AVE,2024-00007905,3/1/2024 23:46,459 PC-F,BURGLARY RES
100 BLOCK MARGUERITA AVE,2024-00008102,3/3/2024 16:04,459 PC-F,BURGLARY RES
900 BLOCK W MABEL AVE,2024-00008179,3/4/2024 10:31,459 PC-F,BURGLARY RES
200 BLOCK N RURAL DR,2024-00008796,3/8/2024 22:22,459 PC-F,BURGLARY RES
700 BLOCK W EMERSON AVE,2024-00009889,3/17/2024 20:38,459 PC-F,BURGLARY RES
400 BLOCK E GRAVES AVE,2024-00010405,3/21/2024 20:33,459 PC-F,BURGLARY RES
1900 BLOCK WILCOX AVE,2024-00010438,3/22/2024 6:49,459 PC-F,BURGLARY RES
400 BLOCK S ORANGE AVE,2024-00010502,3/22/2024 18:29,459 PC-F,BURGLARY RES
1500 BLOCK VERDE VISTA DR,2024-00010518,3/22/2024 20:09,459 PC-F,BURGLARY RES
1700 BLOCK S YNEZ AVE,2024-00010843,3/25/2024 21:19,459 PC-F,BURGLARY RES
1000 BLOCK DIVINA VISTA ST,2024-00010846,3/25/2024 21:40,459 PC-F,BURGLARY RES
1000 BLOCK HILLSIDE ST,2024-00010853,3/25/2024 22:21,459 PC-F,BURGLARY RES
2000 BLOCK LONGHILL DR,2024-00010904,3/26/2024 9:29,459 PC-F,BURGLARY RES
700 BLOCK RIDGECREST ST,2024-00011034,3/27/2024 12:15,459 PC-F,BURGLARY RES
300 BLOCK E GARVEY AVE,2024-00008897,3/9/2024 19:40,211 PC-F,ROBBERY
1500 BLOCK MONTEREY PASS RD,2024-00008930,3/10/2024 1:40,211 PC-F,ROBBERY
3000 BLOCK MARKET PLACE DR,2024-00009879,3/17/2024 18:41,211 PC-F,ROBBERY
200 BLOCK S ATLANTIC BLVD,2024-00010193,3/20/2024 9:28,211 PC-F,ROBBERY
2200 BLOCK S ATLANTIC BLVD,2024-00010559,3/23/2024 21:33,211 PC-F,ROBBERY
400 BLOCK W GARVEY AVE,2024-00015339,5/1/2024 23:12,459 PC-F,AUTO BURGLARY
300 BLOCK MARKET PLACE DR,2024-00015437,5/2/2024 13:10,459 PC-F,AUTO BURGLARY
3500 BLOCK MARKET PLACE DR,2024-00015443,5/2/2024 14:05,459 PC-F,AUTO BURGLARY
200 BLOCK S ATLANTIC BLVD,2024-00015464,5/2/2024 15:26,459 PC-F,AUTO BURGLARY
700 BLOCK S GARFIELD AVE,2024-00015672,5/4/2024 7:21,459 PC-F,AUTO BURGLARY
300 BLOCK W MARKLAND DR,2024-00016450,5/10/2024 10:08,459 PC-F,AUTO BURGLARY
1900 BLOCK POTRERO GRANDE DR,2024-00017149,5/16/2024 7:47,459 PC-F,AUTO BURGLARY
1900 BLOCK POTRERO GRANDE DR,2024-00017157,5/16/2024 9:08,459 PC-F,AUTO BURGLARY
400 BLOCK S ATLANTIC BLVD,2024-00017596,5/19/2024 12:59,459 PC-F,AUTO BURGLARY
2200 BLOCK S ATLANTIC BLVD,2024-00017703,5/20/2024 11:46,459 PC-F,AUTO BURGLARY
100 BLOCK E GARVEY AVE,2024-00017903,5/21/2024 21:41,459 PC-F,AUTO BURGLARY
900 BLOCK E GARVEY AVE,2024-00017905,5/21/2024 21:53,459 PC-F,AUTO BURGLARY
600 BLOCK E GARVEY AVE,2024-00017906,5/21/2024 22:12,459 PC-F,AUTO BURGLARY
600 BLOCK E GARVEY AVE,2024-00017907,5/21/2024 22:32,459 PC-F,AUTO BURGLARY
100 BLOCK S RURAL DR,2024-00017946,5/22/2024 7:25,459 PC-F,AUTO BURGLARY
2300 BLOCK GERHART AVE,2024-00018680,5/27/2024 18:24,459 PC-F,AUTO BURGLARY
500 BLOCK W GARVEY AVE,2024-00019061,5/30/2024 16:38,459 PC-F,AUTO BURGLARY
600 BLOCK W MARKLAND DR,2024-00015407,5/2/2024 11:07,487(A) PC-F,AUTO BURGLARY
400 BLOCK MONTEREY PASS RD,2024-00015485,5/2/2024 17:46,10851(A) VC-F,AUTO THEFT
S ATLANTIC BLVD / BRIGHTWOOD ST,2024-00015882,5/5/2024 22:31,10851(A) VC-F,AUTO THEFT
1300 BLOCK S YNEZ AVE,2024-00015881,5/5/2024 22:31,10851(A) VC-F,AUTO THEFT
300 BLOCK S GARFIELD AVE,2024-00016040,5/7/2024 10:31,10851(A) VC-F,AUTO THEFT
400 BLOCK S ATLANTIC BLVD,2024-00016807,5/13/2024 11:30,10851(A) VC-F,AUTO THEFT
500 BLOCK N ATLANTIC BLVD,2024-00016898,5/14/2024 6:02,10851(A) VC-F,AUTO THEFT
500 BLOCK W FERNFIELD DR,2024-00016939,5/14/2024 12:46,10851(A) VC-F,AUTO THEFT
1300 BLOCK STONEWELL ST,2024-00017148,5/16/2024 7:44,10851(A) VC-F,AUTO THEFT
200 BLOCK S GARFIELD AVE,2024-00017166,5/16/2024 10:55,10851(A) VC-F,AUTO THEFT
1100 BLOCK WHITMORE ST,2024-00017619,5/19/2024 17:53,10851(A) VC-F,AUTO THEFT
400 BLOCK N GARFIELD AVE,2024-00017829,5/21/2024 12:09,10851(A) VC-F,AUTO THEFT
100 BLOCK S GARFIELD AVE,2024-00018169,5/23/2024 15:29,10851(A) VC-F,AUTO THEFT
300 BLOCK E RIGGIN ST,2024-00018225,5/24/2024 8:15,10851(A) VC-F,AUTO THEFT
1900 BLOCK POTRERO GRANDE DR,2024-00018509,5/26/2024 1:14,10851(A) VC-F,AUTO THEFT
100 BLOCK W HELLMAN AVE,2024-00018763,5/28/2024 11:35,10851(A) VC-F,AUTO THEFT
400 BLOCK E FERNFIELD DR,2024-00018835,5/28/2024 23:29,10851(A) VC-F,AUTO THEFT
1100 BLOCK WILLIAMS ST,2024-00018861,5/29/2024 7:15,10851(A) VC-F,AUTO THEFT
2100 BLOCK FINDLAY AVE,2024-00018878,5/29/2024 9:30,10851(A) VC-F,AUTO THEFT
400 BLOCK N LINCOLN AVE,2024-00018988,5/30/2024 7:44,10851(A) VC-F,AUTO THEFT
100 BLOCK CASUDA CANYON DR,2024-00019118,5/31/2024 6:05,10851(A) VC-F,AUTO THEFT
1400 BLOCK COLLEGE VIEW DR,2024-00019119,5/31/2024 6:54,10851(A) VC-F,AUTO THEFT
800 BLOCK W EL REPETTO DR,2024-00017716,5/20/2024 13:19,10851(A) VC-M,AUTO THEFT
3500 BLOCK MARKET PLACE DR,2024-00016251,5/9/2024 7:57,459 PC-F,BURGLARY COM
600 BLOCK E GARVEY AVE,2024-00017145,5/16/2024 6:00,459 PC-F,BURGLARY COM
2000 BLOCK S ATLANTIC BLVD,2024-00017788,5/21/2024 2:09,459 PC-F,BURGLARY COM
2000 BLOCK S ATLANTIC BLVD,2024-00017789,5/21/2024 2:17,459 PC-F,BURGLARY COM
200 BLOCK W GARVEY AVE,2024-00018412,5/25/2024 11:06,459 PC-F,BURGLARY COM
700 BLOCK E GARVEY AVE,2024-00018512,5/26/2024 2:33,459 PC-F,BURGLARY COM
1400 BLOCK MONTEREY PASS RD,2024-00018534,5/26/2024 8:56,459 PC-F,BURGLARY COM
2500 BLOCK CORPORATE PL,2024-00018634,5/27/2024 4:52,459 PC-F,BURGLARY COM
600 BLOCK N CHANDLER AVE,2024-00015457,5/2/2024 14:57,459 PC-F,BURGLARY RES
600 BLOCK W RIGGIN ST,2024-00016371,5/9/2024 20:00,459 PC-F,BURGLARY RES
300 BLOCK E ARLIGHT ST,2024-00017170,5/16/2024 11:25,459 PC-F,BURGLARY RES
600 BLOCK S AZTEC WAY,2024-00017688,5/20/2024 9:59,459 PC-F,BURGLARY RES
500 BLOCK S ALHAMBRA AVE,2024-00018934,5/29/2024 17:44,459 PC-F,BURGLARY RES
500 BLOCK N CHANDLER AVE,2024-00018968,5/29/2024 21:59,459 PC-F,BURGLARY RES
1200 BLOCK WILLIAMS ST,2024-00019187,5/31/2024 18:17,459 PC-F,BURGLARY RES
900 BLOCK ISABELLA AVE,2024-00019196,5/31/2024 18:55,459 PC-F,BURGLARY RES
2400 BLOCK E FOXGLOVE DR,2024-00017580,5/19/2024 9:34,487(A) PC-F,BURGLARY RES
3000 BLOCK MARKET PLACE DR,2024-00015927,5/6/2024 11:28,211 PC-F,ROBBERY
100 BLOCK N ORANGE AVE,2024-00016799,5/13/2024 10:38,211 PC-F,ROBBERY
300 BLOCK S GARFIELD AVE,2024-00018196,5/23/2024 19:17,211 PC-F,ROBBERY
300 BLOCK S MCPHERRIN AVE,2024-00018639,5/27/2024 7:22,211 PC-F,ROBBERY
1430 PEBBLEDON ST,2024-00041429,11/3/2024 8:09,459 PC-F,AUTO BURGLARY
416 S ATLANTIC BLVD,2024-00041620,11/4/2024 17:10,459 PC-F,AUTO BURGLARY
306 N GARFIELD AVE,2024-00042095,11/7/2024 23:07,459 PC-F,AUTO BURGLARY
419 N CHANDLER AVE,2024-00042551,11/11/2024 9:01,459 PC-F,AUTO BURGLARY
1538 LUPINE AVE,2024-00044101,11/21/2024 8:38,459 PC-F,AUTO BURGLARY
2230 S ATLANTIC BLVD,2024-00044526,11/23/2024 16:16,459 PC-F,AUTO BURGLARY
616 N GARFIELD AVE,2024-00044538,11/23/2024 18:18,459 PC-F,AUTO BURGLARY
233 N NEW AVE,2024-00045364,11/29/2024 10:23,459 PC-F,AUTO BURGLARY
500 N ATLANTIC BLVD,2024-00041310,11/2/2024 6:12,10851(A) VC-F,AUTO THEFT
2101 S ATLANTIC BLVD,2024-00041409,11/3/2024 1:18,10851(A) VC-F,AUTO THEFT
405 W DONCREST ST,2024-00041870,11/6/2024 7:41,10851(A) VC-F,AUTO THEFT
1480 S ATLANTIC BLVD,2024-00042232,11/8/2024 17:50,10851(A) VC-F,AUTO THEFT
1960 SUNRISE DR,2024-00042290,11/9/2024 3:42,10851(A) VC-F,AUTO THEFT
315 W RIGGIN ST,2024-00042492,11/10/2024 13:54,10851(A) VC-F,AUTO THEFT
855 W EL REPETTO DR,2024-00042558,11/11/2024 11:05,10851(A) VC-F,AUTO THEFT
1381 LOMA VERDE ST,2024-00042756,11/12/2024 17:17,10851(A) VC-F,AUTO THEFT
303 N YNEZ AVE,2024-00043189,11/15/2024 17:29,10851(A) VC-F,AUTO THEFT
156 CORAL VIEW ST,2024-00043295,11/16/2024 13:13,10851(A) VC-F,AUTO THEFT
660 S GARFIELD AVE,2024-00043448,11/17/2024 10:19,10851(A) VC-F,AUTO THEFT
434 POTRERO GRANDE DR,2024-00043457,11/17/2024 11:32,10851(A) VC-F,AUTO THEFT
425 E GARVEY AVE,2024-00043660,11/18/2024 15:09,10851(A) VC-F,AUTO THEFT
199 N NICHOLSON AVE,2024-00044001,11/20/2024 16:58,10851(A) VC-F,AUTO THEFT
2000 MARKET PLACE DR,2024-00044173,11/21/2024 16:57,10851(A) VC-F,AUTO THEFT
S YNEZ AVE / W NEWMARK AVE,2024-00044484,11/23/2024 10:54,10851(A) VC-F,AUTO THEFT
219 E MOONEY DR,2024-00044634,11/24/2024 12:55,10851(A) VC-F,AUTO THEFT
3500 MARKET PLACE DR,2024-00045114,11/27/2024 7:13,10851(A) VC-F,AUTO THEFT
2378 SCHOOLSIDE AVE,2024-00045247,11/28/2024 7:50,10851(A) VC-F,AUTO THEFT
2388 BLEAKWOOD AVE,2024-00045280,11/28/2024 13:38,10851(A) VC-F,AUTO THEFT
442 EL MERCADO AVE,2024-00045488,11/30/2024 10:27,10851(A) VC-F,AUTO THEFT
210 N GARFIELD AVE,2024-00041424,11/3/2024 5:40,459 PC-F,BURGLARY COM
849 E GARVEY AVE,2024-00041446,11/3/2024 10:01,459 PC-F,BURGLARY COM
4400 RAMONA BLVD,2024-00041487,11/3/2024 16:04,459 PC-F,BURGLARY COM
634 W GARVEY AVE,2024-00043133,11/15/2024 7:42,459 PC-F,BURGLARY COM
1150 W RIGGIN ST,2024-00043416,11/17/2024 5:07,459 PC-F,BURGLARY COM
830 RIDGECREST ST,2024-00041220,11/1/2024 15:12,459 PC-F,BURGLARY RES
1210 WEST CREST WAY,2024-00041948,11/6/2024 20:14,459 PC-F,BURGLARY RES
1280 CREST VISTA DR,2024-00042230,11/8/2024 17:37,459 PC-F,BURGLARY RES
1700 GRANDRIDGE AVE,2024-00043669,11/18/2024 16:16,459 PC-F,BURGLARY RES
502 1/2 S LINCOLN AVE,2024-00044152,11/21/2024 14:13,459 PC-F,BURGLARY RES
1105 NEWLEE ST,2024-00044371,11/22/2024 17:39,459 PC-F,BURGLARY RES
505 W GRAVES AVE,2024-00044539,11/23/2024 18:23,459 PC-F,BURGLARY RES
852 W MABEL AVE,2024-00045013,11/26/2024 12:09,459 PC-F,BURGLARY RES
401 N BALTIMORE AVE,2024-00045039,11/26/2024 17:56,459 PC-F,BURGLARY RES
201 W MARKLAND DR,2024-00045137,11/27/2024 9:39,459 PC-F,BURGLARY RES
794 RIDGECREST ST,2024-00045169,11/27/2024 13:39,459 PC-F,BURGLARY RES
231 S MCPHERRIN AVE,2024-00045237,11/28/2024 5:21,459 PC-F,BURGLARY RES
982 SAN PATRICIO DR,2024-00045262,11/28/2024 10:13,459 PC-F,BURGLARY RES
1985 WILCOX AVE,2024-00045297,11/28/2024 18:51,459 PC-F,BURGLARY RES
450 N ATLANTIC BLVD,2024-00041450,11/3/2024 10:29,211 PC-F,ROBBERY
701 DE LA FUENTE ST,2024-00041491,11/3/2024 17:46,211 PC-F,ROBBERY
700 W EMERSON AVE,2024-00043034,11/14/2024 11:54,211 PC-F,ROBBERY
2219 S GARFIELD AVE,2024-00043232,11/16/2024 0:15,211 PC-F,ROBBERY
450 N ATLANTIC BLVD,2024-00044509,11/23/2024 13:45,211 PC-F,ROBBERY
634 W GARVEY AVE,2024-00044823,11/25/2024 15:52,211 PC-F,ROBBERY
2230 S ATLANTIC BLVD,2024-00045518,11/30/2024 14:31,211 PC-F,ROBBERY
900 BLOCK CORPORATE CENTER DR,2024-00036603,10/1/2024 12:16,10851(A) VC-F,AUTO BURGLARY
500 BLOCK EL MERCADO AVE,2024-00036569,10/1/2024 7:37,459 PC-F,AUTO BURGLARY
900 BLOCK CORPORATE CENTER DR,2024-00036603,10/1/2024 12:16,459 PC-F,AUTO BURGLARY
500 BLOCK N ATLANTIC BLVD,2024-00036812,10/2/2024 17:57,459 PC-F,AUTO BURGLARY
100 BLOCK DIANE WAY,2024-00036886,10/3/2024 6:37,459 PC-F,AUTO BURGLARY
500 BLOCK N CHANDLER AVE,2024-00038141,10/11/2024 13:27,459 PC-F,AUTO BURGLARY
2000 BLOCK S GARFIELD AVE,2024-00038474,10/14/2024 7:11,459 PC-F,AUTO BURGLARY
2000 BLOCK S ATLANTIC BLVD,2024-00039004,10/17/2024 11:20,459 PC-F,AUTO BURGLARY
200 BLOCK N CHANDLER AVE,2024-00040153,10/25/2024 8:11,459 PC-F,AUTO BURGLARY
2000 BLOCK MARKET PLACE DR,2024-00040187,10/25/2024 13:52,459 PC-F,AUTO BURGLARY
1600 BLOCK S GARFIELD AVE,2024-00040320,10/26/2024 14:31,459 PC-F,AUTO BURGLARY
300 BLOCK E POMONA BLVD,2024-00040422,10/27/2024 12:09,459 PC-F,AUTO BURGLARY
300 BLOCK N GARFIELD AVE,2024-00040780,10/29/2024 23:06,459 PC-F,AUTO BURGLARY
3500 BLOCK MARKET PLACE DR,2024-00041031,10/31/2024 13:47,459 PC-F,AUTO BURGLARY
1400 BLOCK RIDGECREST ST,2024-00036567,10/1/2024 7:38,10851(A) VC-F,AUTO THEFT
900 BLOCK S ATLANTIC BLVD,2024-00036913,10/3/2024 9:43,10851(A) VC-F,AUTO THEFT
1800 BLOCK CREST VISTA DR,2024-00037101,10/4/2024 11:59,10851(A) VC-F,AUTO THEFT
800 BLOCK S GARFIELD AVE,2024-00037506,10/7/2024 5:28,10851(A) VC-F,AUTO THEFT
2300 BLOCK WOODS AVE,2024-00037991,10/10/2024 4:54,10851(A) VC-F,AUTO THEFT
1900 BLOCK HOLLY OAK DR,2024-00038002,10/10/2024 7:36,10851(A) VC-F,AUTO THEFT
500 BLOCK N ATLANTIC BLVD,2024-00038105,10/11/2024 7:16,10851(A) VC-F,AUTO THEFT
7 00 BLOCK DIVINA VISTA ST,2024-00038174,10/11/2024 18:29,10851(A) VC-F,AUTO THEFT
700 BLOCK GRANDRIDGE AVE,2024-00038293,10/12/2024 18:24,10851(A) VC-F,AUTO THEFT
200 BLOCK CENTRE PLAZA DR,2024-00038843,10/16/2024 12:49,10851(A) VC-F,AUTO THEFT
3500 BLOCK MARKET PLACE DR,2024-00038971,10/17/2024 9:14,10851(A) VC-F,AUTO THEFT
300 BLOCK E MOONEY DR,2024-00039141,10/18/2024 9:06,10851(A) VC-F,AUTO THEFT
SB GF FROM NEWMARK,2024-00039770,10/22/2024 16:31,10851(A) VC-F,AUTO THEFT
700 BLOCK MONTEREY PASS RD,2024-00040103,10/24/2024 21:12,10851(A) VC-F,AUTO THEFT
300 BLOCK E MOONEY DR,2024-00040299,10/26/2024 9:58,10851(A) VC-F,AUTO THEFT
500 BLOCK N BALTIMORE AVE,2024-00040424,10/27/2024 12:47,10851(A) VC-F,AUTO THEFT
600 BLOCK W RIGGIN ST,2024-00040719,10/29/2024 13:22,10851(A) VC-F,AUTO THEFT
300 BLOCK FLORENCE AVE,2024-00041096,10/31/2024 22:50,10851(A) VC-F,AUTO THEFT
200 BLOCK N CHANDLER AVE,2024-00036949,10/3/2024 14:09,503 PC-F,AUTO THEFT
300 BLOCK W GARVEY AVE,2024-00036549,10/1/2024 4:19,459 PC-F,BURGLARY COM
2200 BLOCK S ATLANTIC BLVD,2024-00036551,10/1/2024 4:42,459 PC-F,BURGLARY COM
2300 BLOCK S ATLANTIC BLVD,2024-00037362,10/6/2024 4:49,459 PC-F,BURGLARY COM
100 BLOCK SEFTON AVE,2024-00037144,10/4/2024 19:41,459 PC-F,BURGLARY RES
1600 BLOCK ROLLING HILL DR,2024-00037413,10/6/2024 15:04,459 PC-F,BURGLARY RES
900 BLOCK S YNEZ AVE,2024-00037771,10/8/2024 17:21,459 PC-F,BURGLARY RES
600 BLOCK BRADSHAWE AVE,2024-00038179,10/11/2024 19:28,459 PC-F,BURGLARY RES
700 BLOCK RIDGECREST ST,2024-00038894,10/16/2024 20:20,459 PC-F,BURGLARY RES
500 BLOCK S ORANGE AVE,2024-00039180,10/18/2024 14:14,459 PC-F,BURGLARY RES
400 BLOCK GARCELON AVE,2024-00039221,10/18/2024 19:43,459 PC-F,BURGLARY RES
1000 BLOCK RIDGECREST ST,2024-00039771,10/22/2024 16:38,459 PC-F,BURGLARY RES
100 BLOCK CASUDA CANYON DR,2024-00040090,10/24/2024 19:34,459 PC-F,BURGLARY RES
900 BLOCK E NEWMARK AVE,2024-00040211,10/25/2024 18:36,459 PC-F,BURGLARY RES
800 BLOCK E MABEL AVE,2024-00040389,10/27/2024 1:42,459 PC-F,BURGLARY RES
200 BLOCK ELIZABETH AVE,2024-00040960,10/31/2024 6:53,459 PC-F,BURGLARY RES
400 BLOCK E GRAVES AVE,2024-00041072,10/31/2024 18:07,459 PC-F,BURGLARY RES
900 BLOCK E GARVEY AVE,2024-00037459,10/6/2024 22:44,211 PC-F,ROBBERY
200 BLOCK N SIERRA VISTA ST,2024-00037591,10/7/2024 15:32,211 PC-F,ROBBERY
1400 BLOCK VALLEY VISTA DR,2024-00037814,10/9/2024 1:53,211 PC-F,ROBBERY
2200 BLOCK S ATLANTIC BLVD,2024-00039473,10/20/2024 17:54,211 PC-F,ROBBERY
600 BLOCK N HUNTINGTON AVE,2024-00039261,10/19/2024 2:24,212.5(A) PC-F,ROBBERY
500 BLOCK W POMONA BLVD,2024-00031774,9/2/2024 10:34,459 PC-F,AUTO BURGLARY
300 BLOCK S MOORE AVE,2024-00032545,9/6/2024 21:16,459 PC-F,AUTO BURGLARY
400 BLOCK RUSSELL AVE,2024-00032619,9/7/2024 8:21,459 PC-F,AUTO BURGLARY
600 BLOCK W POMONA BLVD,2024-00032745,9/8/2024 5:47,459 PC-F,AUTO BURGLARY
2000 BLOCK S ATLANTIC BLVD,2024-00033756,9/14/2024 20:04,459 PC-F,AUTO BURGLARY
500 BLOCK W GLEASON ST,2024-00034845,9/20/2024 16:48,459 PC-F,AUTO BURGLARY
600 BLOCK W POMONA BLVD,2024-00035208,9/23/2024 7:02,459 PC-F,AUTO BURGLARY
2200 BLOCK S ATLANTIC BLVD,2024-00035835,9/26/2024 15:01,459 PC-F,AUTO BURGLARY
400 BLOCK S ATLANTIC BLVD,2024-00036037,9/27/2024 20:57,459 PC-F,AUTO BURGLARY
300 BLOCK E GARVEY AVE,2024-00036044,9/27/2024 21:39,459 PC-F,AUTO BURGLARY
900 BLOCK E GARVEY AVE,2024-00036048,9/27/2024 21:44,459 PC-F,AUTO BURGLARY
500 BLOCK HATHAWAY AVE,2024-00036264,9/29/2024 12:05,459 PC-F,AUTO BURGLARY
500 BLOCK N ATLANTIC BLVD,2024-00031704,9/1/2024 18:31,10851(A) VC-F,AUTO THEFT
2400 BLOCK SHERBROOK AVE,2024-00031960,9/3/2024 14:20,10851(A) VC-F,AUTO THEFT
500 BLOCK N ATLANTIC BLVD,2024-00032014,9/3/2024 22:51,10851(A) VC-F,AUTO THEFT
200 BLOCK S GARFIELD AVE,2024-00032354,9/5/2024 16:13,10851(A) VC-F,AUTO THEFT
100 BLOCK N CHANDLER AVE,2024-00032429,9/6/2024 1:48,10851(A) VC-F,AUTO THEFT
2200 BLOCK S GARFIELD AVE,2024-00032428,9/6/2024 1:55,10851(A) VC-F,AUTO THEFT
2100 BLOCK S ATLANTIC BLVD,2024-00032785,9/8/2024 13:46,10851(A) VC-F,AUTO THEFT
1600 BLOCK COLLEGE VIEW DR,2024-00032878,9/9/2024 7:41,10851(A) VC-F,AUTO THEFT
700 BLOCK W EMERSON AVE,2024-00033053,9/10/2024 12:07,10851(A) VC-F,AUTO THEFT
1100 BLOCK COLLEGE VIEW DR,2024-00033176,9/11/2024 6:29,10851(A) VC-F,AUTO THEFT
1500 BLOCK SUNNYHILL DR,2024-00033877,9/15/2024 19:44,10851(A) VC-F,AUTO THEFT
400 BLOCK E GARVEY AVE,2024-00034127,9/17/2024 8:09,10851(A) VC-F,AUTO THEFT
1200 BLOCK DORNER DR,2024-00035099,9/22/2024 10:20,10851(A) VC-M,AUTO THEFT
300 BLOCK E GARVEY AVE,2024-00035637,9/25/2024 11:56,484(A) PC-M,AUTO THEFT
2200 BLOCK S GARFIELD AVE,2024-00032428,9/6/2024 1:55,487(A) PC-F,AUTO THEFT
4400 BLOCK RAMONA BLVD,2024-00032184,9/4/2024 18:44,459 PC-F,BURGLARY COM
1400 BLOCK MONTEREY PASS RD,2024-00032264,9/5/2024 7:34,459 PC-F,BURGLARY COM
2000 BLOCK S ATLANTIC BLVD,2024-00032268,9/5/2024 8:12,459 PC-F,BURGLARY COM
600 BLOCK W GARVEY AVE,2024-00032328,9/5/2024 12:53,459 PC-F,BURGLARY COM
500 BLOCK S ATLANTIC BLVD,2024-00032891,9/9/2024 9:30,459 PC-F,BURGLARY COM
500 BLOCK E MARKLAND DR,2024-00033257,9/11/2024 15:15,459 PC-F,BURGLARY COM
1000 BLOCK CORPORATE CENTER DR,2024-00033497,9/13/2024 7:18,459 PC-F,BURGLARY COM
900 BLOCK E GARVEY AVE,2024-00034138,9/17/2024 9:21,459 PC-F,BURGLARY COM
900 BLOCK CORPORATE CENTER DR,2024-00034204,9/17/2024 15:19,459 PC-F,BURGLARY COM
4400 BLOCK RAMONA BLVD,2024-00034957,9/21/2024 11:14,459 PC-F,BURGLARY COM
4400 BLOCK RAMONA BLVD,2024-00035128,9/22/2024 14:16,459 PC-F,BURGLARY COM
2300 BLOCK S GARFIELD AVE,2024-00035178,9/23/2024 1:36,459 PC-F,BURGLARY COM
400 BLOCK W GARVEY AVE,2024-00035238,9/23/2024 9:59,459 PC-F,BURGLARY COM
600 BLOCK N GARFIELD AVE,2024-00035931,9/27/2024 4:06,459 PC-F,BURGLARY COM
200 BLOCK W GARVEY AVE,2024-00036116,9/28/2024 12:22,459 PC-F,BURGLARY COM
200 BLOCK W GARVEY AVE,2024-00036125,9/28/2024 13:01,459 PC-F,BURGLARY COM
1000 BLOCK HILLVALE DR,2024-00031965,9/3/2024 14:49,459 PC-F,BURGLARY RES
100 BLOCK ELECTRIC AVE,2024-00032386,9/5/2024 20:17,459 PC-F,BURGLARY RES
400 BLOCK N RURAL DR,2024-00032491,9/6/2024 13:00,459 PC-F,BURGLARY RES
500 BLOCK N RURAL DR,2024-00032494,9/6/2024 13:36,459 PC-F,BURGLARY RES
400 BLOCK W FLORAL DR,2024-00033424,9/12/2024 18:45,459 PC-F,BURGLARY RES
400 BLOCK N ALHAMBRA AVE,2024-00033545,9/13/2024 13:47,459 PC-F,BURGLARY RES
200 BLOCK N RURAL DR,2024-00034808,9/20/2024 11:46,459 PC-F,BURGLARY RES
700 BLOCK BRADSHAWE AVE,2024-00035157,9/22/2024 20:52,459 PC-F,BURGLARY RES
800 BLOCK DE LA FUENTE ST,2024-00035315,9/23/2024 19:22,459 PC-F,BURGLARY RES
2300 BLOCK VANCOUVER AVE,2024-00035805,9/26/2024 12:28,459 PC-F,BURGLARY RES
400 BLOCK S ORANGE AVE,2024-00036053,9/27/2024 22:44,459 PC-F,BURGLARY RES
2100 BLOCK S ATLANTIC BLVD,2024-00035268,9/23/2024 13:06,211 PC-F,ROBBERY
700 BLOCK S ATLANTIC BLVD,2024-00035467,9/24/2024 13:04,211 PC-F,ROBBERY
200 BLOCK N HUNTINGTON AVE,2024-00035985,9/27/2024 13:34,211 PC-F,ROBBERY
300 BLOCK E FERNFIELD DR,2024-00036054,9/27/2024 23:04,211 PC-F,ROBBERY
